Year,Total_Cases_for_Trial,Cases_Trials_Completed
2001,39,5
2001,2937,928
2001,285,3
2001,2409,435
2001,3746,561
2001,45,11
2001,4645,678
2001,22,1
2001,4,3
2001,1760,109
2001,67,20
2001,2131,176
2001,1022,385
2001,494,105
2001,680,105
2001,1369,335
2001,1335,195
2001,2336,143
2001,1,0
2001,9387,2641
2001,10745,852
2001,40,1
2001,247,11
2001,138,42
2001,53,4
2001,2879,525
2001,16,0
2001,488,252
2001,3593,966
2001,10,3
2001,1535,244
2001,181,51
2001,6950,1319
2001,223,64
2001,5643,562
2002,37,3
2002,2855,770
2002,314,3
2002,2588,346
2002,3872,499
2002,46,6
2002,4952,1666
2002,24,14
2002,0,0
2002,2039,442
2002,55,14
2002,2192,223
2002,952,380
2002,501,108
2002,726,136
2002,2856,570
2002,1409,225
2002,2635,170
2002,1,1
2002,9523,2385
2002,11164,1174
2002,46,0
2002,253,2
2002,138,32
2002,62,7
2002,2987,473
2002,19,3
2002,490,261
2002,3282,1033
2002,10,8
2002,1759,445
2002,224,66
2002,6898,1475
2002,226,67
2002,5923,436
2003,35,6
2003,2888,763
2003,340,0
2003,2998,460
2003,3965,641
2003,61,17
2003,3985,697
2003,10,3
2003,3,0
2003,2057,517
2003,54,18
2003,2172,229
2003,859,363
2003,498,122
2003,755,88
2003,2628,526
2003,1451,287
2003,2862,230
2003,1,0
2003,9522,2714
2003,11177,1184
2003,49,3
2003,268,4
2003,175,22
2003,67,9
2003,3221,539
2003,19,1
2003,502,318
2003,2885,919
2003,10,3
2003,1786,455
2003,256,51
2003,6122,1336
2003,245,75
2003,6271,507
2004,33,4
2004,2875,889
2004,366,5
2004,3314,582
2004,3980,749
2004,61,13
2004,4178,751
2004,12,5
2004,6,0
2004,1972,597
2004,68,17
2004,2246,272
2004,833,315
2004,509,107
2004,839,104
2004,2446,526
2004,1432,361
2004,3018,316
2004,2,1
2004,9569,2799
2004,11225,1260
2004,48,2
2004,288,4
2004,168,120
2004,86,40
2004,3361,666
2004,22,4
2004,515,297
2004,2690,753
2004,9,3
2004,1900,424
2004,338,76
2004,5943,1282
2004,260,71
2004,7008,717
2005,37,4
2005,2912,821
2005,393,19
2005,3571,537
2005,4054,837
2005,68,14
2005,3905,941
2005,13,6
2005,6,3
2005,1945,885
2005,68,20
2005,2257,223
2005,893,325
2005,525,145
2005,905,116
2005,2508,528
2005,1362,371
2005,3147,334
2005,1,0
2005,9513,2707
2005,11389,1168
2005,53,1
2005,321,3
2005,80,20
2005,55,25
2005,3376,559
2005,24,4
2005,544,242
2005,2694,827
2005,18,3
2005,1962,610
2005,406,121
2005,5676,1288
2005,308,61
2005,7940,547
2006,40,3
2006,2898,850
2006,403,2
2006,3778,586
2006,3988,856
2006,74,17
2006,3949,713
2006,10,5
2006,6,3
2006,1858,608
2006,61,6
2006,2363,207
2006,1065,338
2006,474,102
2006,1000,121
2006,2567,839
2006,1342,339
2006,3304,354
2006,1,0
2006,9468,2625
2006,11559,1047
2006,54,1
2006,353,14
2006,124,74
2006,50,12
2006,3607,500
2006,26,2
2006,674,268
2006,2580,761
2006,31,2
2006,1751,466
2006,462,77
2006,5454,1238
2006,372,97
2006,8913,884
2007,40,3
2007,3110,962
2007,429,7
2007,4072,657
2007,4235,826
2007,76,19
2007,4099,668
2007,11,2
2007,4,2
2007,1791,589
2007,70,6
2007,2441,200
2007,1159,374
2007,476,83
2007,1115,137
2007,2418,853
2007,1346,294
2007,3495,522
2007,2,0
2007,9728,2638
2007,11907,905
2007,54,2
2007,370,15
2007,128,35
2007,49,28
2007,3891,609
2007,33,7
2007,798,275
2007,2657,639
2007,48,3
2007,1715,398
2007,565,156
2007,5501,1115
2007,375,112
2007,9861,838
2008,39,5
2008,3228,812
2008,444,2
2008,4375,588
2008,4329,729
2008,76,17
2008,4349,886
2008,16,5
2008,2,2
2008,1680,376
2008,85,23
2008,2566,213
2008,1293,454
2008,505,116
2008,1120,141
2008,2325,630
2008,1461,336
2008,3435,285
2008,3,1
2008,9875,2731
2008,12441,1049
2008,57,0
2008,396,26
2008,162,92
2008,38,15
2008,4163,645
2008,32,2
2008,964,439
2008,2860,663
2008,64,7
2008,1777,432
2008,594,84
2008,5785,1374
2008,342,107
2008,10716,905
2009,48,3
2009,3377,967
2009,488,5
2009,4771,499
2009,4361,738
2009,76,28
2009,4377,831
2009,15,2
2009,1,0
2009,1744,376
2009,86,25
2009,2725,183
2009,1364,475
2009,564,118
2009,1173,206
2009,2340,722
2009,1522,342
2009,3764,336
2009,2,0
2009,10083,2278
2009,12812,953
2009,62,0
2009,437,23
2009,156,66
2009,47,11
2009,4352,673
2009,38,6
2009,963,465
2009,3150,606
2009,76,17
2009,1856,406
2009,677,96
2009,5719,1353
2009,333,94
2009,11381,861
2010,65,0
2010,3616,1031
2010,517,6
2010,5335,526
2010,4154,873
2010,77,31
2010,4487,825
2010,17,4
2010,2,0
2010,1817,407
2010,105,27
2010,2931,187
2010,1479,456
2010,585,110
2010,1138,143
2010,2300,596
2010,1682,350
2010,4071,256
2010,2,0
2010,10886,2751
2010,13313,1048
2010,66,3
2010,494,9
2010,184,87
2010,49,19
2010,4805,666
2010,34,1
2010,947,490
2010,3502,656
2010,89,3
2010,1930,432
2010,764,112
2010,5537,1392
2010,343,111
2010,12384,655
2001,18,2
2001,1419,263
2001,242,9
2001,2062,371
2001,3220,297
2001,70,12
2001,987,68
2001,7,0
2001,4,2
2001,1365,1190
2001,42,22
2001,4704,276
2001,881,174
2001,201,33
2001,2362,223
2001,1134,115
2001,860,166
2001,420,53
2001,0,0
2001,3075,193
2001,5358,408
2001,31,2
2001,81,3
2001,4,3
2001,32,1
2001,1624,301
2001,10,1
2001,558,97
2001,4956,697
2001,0,0
2001,1252,250
2001,37,14
2001,8269,1499
2001,371,82
2001,4535,227
2002,17,2
2002,1566,403
2002,256,0
2002,2219,301
2002,3367,323
2002,82,16
2002,1048,176
2002,12,1
2002,2,2
2002,477,76
2002,23,5
2002,4964,284
2002,911,238
2002,224,35
2002,2509,260
2002,922,141
2002,846,122
2002,422,66
2002,0,0
2002,3299,449
2002,5383,562
2002,30,1
2002,86,3
2002,3,1
2002,33,0
2002,1629,315
2002,12,5
2002,608,110
2002,4777,797
2002,2,2
2002,1336,429
2002,52,11
2002,8471,1693
2002,378,83
2002,5369,441
2003,15,0
2003,1684,274
2003,279,1
2003,2576,423
2003,3457,332
2003,76,11
2003,925,87
2003,13,5
2003,1,0
2003,602,132
2003,25,2
2003,5205,419
2003,831,239
2003,227,55
2003,2715,153
2003,941,166
2003,873,149
2003,408,33
2003,0,0
2003,3476,793
2003,5239,405
2003,31,2
2003,83,3
2003,3,2
2003,33,2
2003,1663,308
2003,10,2
2003,658,98
2003,4436,744
2003,1,1
2003,1057,299
2003,87,24
2003,7769,1225
2003,374,41
2003,5512,359
2004,18,2
2004,1908,471
2004,303,2
2004,2824,432
2004,3564,451
2004,96,20
2004,880,249
2004,12,4
2004,0,0
2004,744,127
2004,27,5
2004,5388,459
2004,769,207
2004,203,43
2004,3009,219
2004,930,166
2004,891,146
2004,467,51
2004,0,0
2004,3169,558
2004,5392,444
2004,30,2
2004,89,2
2004,1,0
2004,42,10
2004,1658,315
2004,13,6
2004,724,164
2004,4257,650
2004,3,0
2004,1125,272
2004,78,44
2004,8033,1459
2004,393,35
2004,5770,359
2005,16,0
2005,2062,417
2005,329,12
2005,3024,464
2005,3624,441
2005,88,13
2005,685,74
2005,11,5
2005,1,0
2005,896,66
2005,28,3
2005,5519,367
2005,725,143
2005,209,54
2005,3236,219
2005,916,94
2005,893,219
2005,508,52
2005,0,0
2005,3073,743
2005,5505,415
2005,30,3
2005,90,3
2005,2,0
2005,42,38
2005,1667,221
2005,13,2
2005,716,87
2005,4077,523
2005,5,0
2005,1189,370
2005,71,43
2005,8079,1364
2005,421,77
2005,6199,386
2006,23,0
2006,2340,507
2006,347,8
2006,3220,629
2006,3823,579
2006,102,29
2006,767,121
2006,15,1
2006,2,1
2006,1077,111
2006,35,2
2006,5788,461
2006,845,186
2006,200,38
2006,3588,214
2006,1063,158
2006,872,152
2006,605,70
2006,0,0
2006,2732,635
2006,5689,334
2006,27,1
2006,97,3
2006,2,2
2006,7,2
2006,1842,279
2006,19,2
2006,790,95
2006,4065,577
2006,9,0
2006,1163,365
2006,55,20
2006,8461,1742
2006,476,90
2006,6638,746
2007,26,2
2007,2789,556
2007,369,5
2007,3385,825
2007,4027,676
2007,96,26
2007,786,67
2007,19,3
2007,2,0
2007,1243,106
2007,35,4
2007,6094,332
2007,970,220
2007,209,37
2007,3861,280
2007,1241,423
2007,913,151
2007,679,65
2007,0,0
2007,2680,596
2007,6017,345
2007,27,5
2007,96,5
2007,0,0
2007,8,2
2007,1965,201
2007,26,5
2007,905,103
2007,4020,460
2007,11,0
2007,1240,379
2007,101,9
2007,8601,1664
2007,479,68
2007,6804,453
2008,31,1
2008,3074,610
2008,388,8
2008,3258,467
2008,4180,613
2008,83,30
2008,896,114
2008,22,1
2008,2,0
2008,1542,154
2008,39,6
2008,6520,366
2008,1076,242
2008,234,41
2008,3846,243
2008,1133,294
2008,963,203
2008,766,106
2008,0,0
2008,2656,658
2008,6380,451
2008,22,0
2008,94,4
2008,1,0
2008,10,5
2008,2267,349
2008,26,4
2008,1056,110
2008,4153,396
2008,16,2
2008,1381,487
2008,179,30
2008,9447,2218
2008,536,88
2008,7466,476
2009,32,2
2009,3358,794
2009,410,9
2009,3530,396
2009,4334,640
2009,70,24
2009,810,121
2009,31,3
2009,2,0
2009,1681,150
2009,46,12
2009,6953,336
2009,1172,284
2009,258,44
2009,4017,381
2009,1188,424
2009,1001,141
2009,791,89
2009,1,0
2009,2671,406
2009,6624,323
2009,23,0
2009,95,13
2009,1,1
2009,13,1
2009,2403,276
2009,35,3
2009,1157,192
2009,4476,363
2009,17,4
2009,1415,302
2009,216,38
2009,10148,2495
2009,597,83
2009,8111,400
2010,37,0
2010,3614,824
2010,421,4
2010,4053,615
2010,4833,689
2010,47,14
2010,881,145
2010,31,3
2010,2,0
2010,1820,226
2010,44,9
2010,7636,401
2010,1319,350
2010,267,33
2010,3981,255
2010,1149,376
2010,1180,200
2010,875,76
2010,1,0
2010,3108,641
2010,6996,387
2010,25,2
2010,91,6
2010,0,0
2010,20,14
2010,2938,402
2010,45,5
2010,1081,170
2010,4919,372
2010,23,2
2010,1721,429
2010,235,36
2010,10695,3052
2010,651,93
2010,9767,390
2001,2,0
2001,1497,411
2001,0,0
2001,115,21
2001,2726,399
2001,9,2
2001,259,46
2001,3,1
2001,0,0
2001,595,90
2001,11,3
2001,507,22
2001,972,302
2001,30,4
2001,23,7
2001,586,176
2001,762,122
2001,133,14
2001,0,0
2001,2257,617
2001,3433,360
2001,0,0
2001,0,0
2001,0,0
2001,0,0
2001,917,182
2001,10,6
2001,465,129
2001,1593,276
2001,0,0
2001,705,142
2001,40,9
2001,8854,1527
2001,201,60
2001,1264,164
2002,2,0
2002,1517,421
2002,0,0
2002,130,16
2002,2959,325
2002,7,4
2002,296,71
2002,2,0
2002,0,0
2002,627,27
2002,8,0
2002,540,42
2002,888,269
2002,33,3
2002,26,5
2002,693,232
2002,834,144
2002,136,9
2002,0,0
2002,2334,594
2002,3372,313
2002,0,0
2002,0,0
2002,0,0
2002,0,0
2002,966,170
2002,7,2
2002,463,138
2002,1614,328
2002,0,0
2002,801,213
2002,49,16
2002,9044,1831
2002,186,49
2002,1373,270
2003,2,0
2003,1451,407
2003,0,0
2003,146,26
2003,3228,491
2003,4,0
2003,300,40
2003,2,0
2003,0,0
2003,723,32
2003,10,1
2003,544,48
2003,806,211
2003,36,7
2003,35,13
2003,686,185
2003,867,162
2003,143,11
2003,0,0
2003,2325,663
2003,3415,400
2003,0,0
2003,0,0
2003,0,0
2003,0,0
2003,1082,186
2003,6,0
2003,448,181
2003,1554,290
2003,0,0
2003,815,244
2003,50,12
2003,8259,1408
2003,216,38
2003,1416,218
2004,2,1
2004,1458,407
2004,0,0
2004,183,32
2004,3212,439
2004,8,2
2004,332,89
2004,2,0
2004,0,0
2004,809,72
2004,9,4
2004,551,54
2004,804,283
2004,36,7
2004,31,13
2004,713,185
2004,916,233
2004,171,13
2004,0,0
2004,2390,765
2004,3327,321
2004,0,0
2004,0,0
2004,0,0
2004,0,0
2004,1194,246
2004,9,1
2004,366,92
2004,1581,291
2004,0,0
2004,783,176
2004,60,9
2004,8198,1434
2004,243,43
2004,1542,194
2005,1,0
2005,1522,547
2005,0,0
2005,212,38
2005,3451,501
2005,10,6
2005,333,62
2005,2,1
2005,2,0
2005,832,125
2005,8,2
2005,544,65
2005,706,248
2005,30,4
2005,25,2
2005,681,86
2005,915,324
2005,176,34
2005,0,0
2005,2335,738
2005,3341,300
2005,0,0
2005,0,0
2005,4,2
2005,0,0
2005,1216,210
2005,10,0
2005,360,65
2005,1565,262
2005,0,0
2005,813,242
2005,79,13
2005,8062,1299
2005,248,43
2005,1737,361
2006,1,0
2006,1398,353
2006,0,0
2006,248,51
2006,3696,650
2006,13,3
2006,367,71
2006,1,0
2006,2,0
2006,841,120
2006,7,2
2006,522,34
2006,673,198
2006,30,5
2006,31,2
2006,755,255
2006,804,283
2006,163,25
2006,0,0
2006,2313,678
2006,3413,272
2006,0,0
2006,3,0
2006,2,0
2006,0,0
2006,1323,215
2006,17,4
2006,401,71
2006,1626,290
2006,0,0
2006,740,164
2006,88,19
2006,8125,1366
2006,256,33
2006,1854,264
2007,1,0
2007,1617,542
2007,0,0
2007,267,59
2007,4073,642
2007,12,4
2007,398,88
2007,1,0
2007,3,0
2007,844,139
2007,5,0
2007,525,31
2007,711,221
2007,30,4
2007,36,4
2007,714,286
2007,709,206
2007,165,28
2007,0,0
2007,2366,691
2007,3517,286
2007,0,0
2007,4,0
2007,0,0
2007,0,0
2007,1446,174
2007,16,4
2007,449,97
2007,1659,244
2007,0,0
2007,765,218
2007,90,31
2007,8463,1472
2007,296,71
2007,2049,355
2008,3,0
2008,1532,449
2008,0,0
2008,291,44
2008,4209,689
2008,11,3
2008,401,76
2008,1,0
2008,3,2
2008,820,26
2008,8,0
2008,520,15
2008,746,238
2008,31,8
2008,47,1
2008,644,209
2008,745,185
2008,162,11
2008,0,0
2008,2458,693
2008,3626,277
2008,0,0
2008,5,0
2008,0,0
2008,0,0
2008,1605,251
2008,12,0
2008,440,85
2008,1760,259
2008,0,0
2008,734,184
2008,90,15
2008,8724,1719
2008,289,55
2008,2033,330
2009,4,0
2009,1583,440
2009,0,0
2009,342,44
2009,4220,593
2009,10,3
2009,460,101
2009,1,0
2009,1,0
2009,938,78
2009,10,2
2009,523,19
2009,756,237
2009,25,4
2009,63,8
2009,700,232
2009,763,156
2009,172,21
2009,0,0
2009,2697,666
2009,3682,223
2009,0,0
2009,5,0
2009,0,0
2009,0,0
2009,1700,258
2009,15,1
2009,452,121
2009,1822,228
2009,0,0
2009,740,184
2009,102,21
2009,8723,1670
2009,318,88
2009,2075,229
2010,4,0
2010,1685,502
2010,0,0
2010,430,58
2010,4458,582
2010,11,6
2010,464,78
2010,1,0
2010,1,1
2010,996,131
2010,8,2
2010,518,8
2010,768,223
2010,23,1
2010,64,8
2010,699,250
2010,846,181
2010,177,13
2010,0,0
2010,2901,665
2010,3853,329
2010,0,0
2010,5,0
2010,0,0
2010,0,0
2010,1927,415
2010,15,1
2010,389,108
2010,1910,231
2010,0,0
2010,707,164
2010,104,18
2010,8753,1831
2010,283,86
2010,2332,229
2001,98,1
2001,7811,2268
2001,182,34
2001,1628,440
2001,1265,253
2001,72,28
2001,7353,424
2001,18,4
2001,0,0
2001,1294,363
2001,84,35
2001,5881,546
2001,2444,533
2001,1301,184
2001,1718,250
2001,1373,177
2001,4390,898
2001,6063,752
2001,0,0
2001,27553,3774
2001,20571,1431
2001,3,1
2001,102,10
2001,112,59
2001,14,0
2001,7775,1241
2001,65,13
2001,507,99
2001,10047,1569
2001,0,0
2001,4881,1538
2001,174,24
2001,8763,1982
2001,321,90
2001,5373,420
2002,110,10
2002,7724,1910
2002,200,17
2002,1811,386
2002,1488,207
2002,77,23
2002,7999,1325
2002,17,3
2002,0,0
2002,1356,132
2002,57,13
2002,5933,451
2002,2276,563
2002,1282,127
2002,2106,310
2002,1538,489
2002,4610,870
2002,6797,684
2002,1,0
2002,28398,3131
2002,21094,1686
2002,6,0
2002,106,9
2002,55,28
2002,15,1
2002,7938,858
2002,99,16
2002,654,179
2002,10062,1472
2002,6,2
2002,4961,1768
2002,256,61
2002,8780,1927
2002,347,58
2002,5929,911
2003,112,6
2003,8057,1900
2003,212,4
2003,1975,442
2003,1784,299
2003,66,12
2003,7306,477
2003,17,1
2003,2,0
2003,1670,303
2003,53,12
2003,6077,416
2003,2003,456
2003,1347,162
2003,2604,367
2003,1401,448
2003,4771,840
2003,7495,793
2003,1,1
2003,29232,3940
2003,21331,1448
2003,7,0
2003,113,9
2003,164,53
2003,16,0
2003,8741,1014
2003,124,19
2003,743,210
2003,10130,1310
2003,17,6
2003,5025,1685
2003,292,57
2003,7733,1375
2003,376,91
2003,6031,599
2004,111,7
2004,8315,2473
2004,252,8
2004,2009,552
2004,2034,317
2004,70,15
2004,7689,866
2004,22,5
2004,3,0
2004,1869,250
2004,56,8
2004,6281,403
2004,1903,512
2004,1382,190
2004,3117,533
2004,1304,448
2004,4889,1005
2004,8331,995
2004,1,0
2004,29749,3715
2004,22043,1235
2004,8,0
2004,113,8
2004,170,100
2004,20,19
2004,9342,1061
2004,135,25
2004,715,197
2004,10655,1692
2004,19,4
2004,5102,1730
2004,355,75
2004,7978,1617
2004,401,87
2004,6794,404
2005,108,2
2005,8108,2173
2005,295,33
2005,2070,507
2005,2061,408
2005,79,12
2005,7510,1274
2005,22,6
2005,4,0
2005,2181,150
2005,58,6
2005,6571,598
2005,1724,331
2005,1303,271
2005,3281,491
2005,1079,150
2005,4949,1137
2005,8713,967
2005,1,0
2005,30115,3456
2005,23252,1545
2005,9,0
2005,124,6
2005,119,16
2005,7,2
2005,10100,902
2005,147,18
2005,724,150
2005,10469,1626
2005,22,12
2005,4952,1661
2005,410,105
2005,7962,1542
2005,394,52
2005,7843,770
2006,119,4
2006,8372,1806
2006,288,22
2006,2245,553
2006,2094,418
2006,86,17
2006,7459,643
2006,20,2
2006,5,1
2006,2701,168
2006,71,10
2006,6632,376
2006,1782,299
2006,1221,135
2006,3622,579
2006,1261,262
2006,5027,1186
2006,9746,1555
2006,1,0
2006,30328,2979
2006,24468,1458
2006,10,2
2006,151,16
2006,155,140
2006,8,4
2006,11281,1021
2006,156,25
2006,833,162
2006,10212,1629
2006,10,3
2006,4351,1472
2006,458,97
2006,8200,1616
2006,480,87
2006,8602,1085
2007,135,3
2007,9175,3055
2007,310,19
2007,2214,727
2007,2336,372
2007,87,19
2007,8088,694
2007,18,6
2007,5,1
2007,3249,257
2007,66,5
2007,7006,396
2007,1884,310
2007,1300,165
2007,3929,394
2007,1272,346
2007,5241,1258
2007,10349,1714
2007,2,0
2007,31626,3423
2007,25679,1458
2007,8,1
2007,160,10
2007,77,59
2007,9,5
2007,12699,872
2007,218,34
2007,915,139
2007,9930,1413
2007,9,6
2007,4112,1244
2007,609,172
2007,8682,1779
2007,523,130
2007,9098,698
2008,153,4
2008,8458,2058
2008,353,19
2008,2164,532
2008,2597,461
2008,91,16
2008,8698,728
2008,16,0
2008,5,1
2008,3707,325
2008,82,15
2008,7353,520
2008,1951,355
2008,1308,152
2008,4228,360
2008,1155,236
2008,5478,1099
2008,10641,1499
2008,2,0
2008,32145,4644
2008,27204,1618
2008,7,0
2008,173,23
2008,89,46
2008,14,4
2008,14169,1255
2008,237,26
2008,1039,221
2008,10045,1352
2008,16,6
2008,4230,970
2008,728,98
2008,9413,2354
2008,482,89
2008,9960,696
2009,176,6
2009,9212,2277
2009,375,25
2009,2366,552
2009,2622,426
2009,88,17
2009,8931,932
2009,18,0
2009,3,0
2009,3897,413
2009,87,12
2009,7451,477
2009,1992,319
2009,1406,148
2009,4713,518
2009,1144,266
2009,5840,1064
2009,11122,1443
2009,2,1
2009,31596,4229
2009,28253,1714
2009,9,0
2009,193,16
2009,111,55
2009,21,9
2009,15350,883
2009,260,22
2009,1037,236
2009,10195,1085
2009,40,8
2009,4364,1084
2009,978,158
2009,9479,2223
2009,479,115
2009,10988,658
2010,194,3
2010,9433,2421
2010,401,8
2010,2663,449
2010,2612,407
2010,95,31
2010,9417,1383
2010,23,1
2010,6,1
2010,4056,415
2010,107,25
2010,7596,442
2010,2085,387
2010,1557,121
2010,4963,373
2010,1083,317
2010,6614,1206
2010,12107,1381
2010,1,0
2010,31262,4730
2010,29413,1917
2010,9,0
2010,210,12
2010,129,78
2010,24,10
2010,17186,1340
2010,275,31
2010,905,209
2010,10469,1073
2010,32,7
2010,4267,1090
2010,1117,173
2010,9718,2552
2010,477,62
2010,12230,572
2001,5,0
2001,3272,1532
2001,6,1
2001,44,6
2001,98,25
2001,30,8
2001,966,142
2001,1,0
2001,0,0
2001,325,76
2001,31,10
2001,624,50
2001,976,439
2001,92,9
2001,875,237
2001,60,13
2001,193,30
2001,236,53
2001,0,0
2001,1832,411
2001,6235,398
2001,0,0
2001,3,0
2001,0,0
2001,0,0
2001,786,193
2001,48,20
2001,50,3
2001,241,47
2001,20,2
2001,1616,1115
2001,0,0
2001,6523,2112
2001,226,72
2001,73,31
2002,8,0
2002,3697,1567
2002,7,0
2002,43,6
2002,82,20
2002,49,18
2002,927,308
2002,1,0
2002,1,0
2002,359,52
2002,27,5
2002,667,57
2002,1954,1339
2002,85,4
2002,967,312
2002,54,15
2002,211,22
2002,274,44
2002,0,0
2002,2175,383
2002,6419,469
2002,0,0
2002,3,0
2002,0,0
2002,0,0
2002,775,108
2002,46,15
2002,172,96
2002,219,52
2002,19,8
2002,2187,1624
2002,0,0
2002,6276,2176
2002,252,66
2002,73,44
2003,10,0
2003,3987,2151
2003,7,0
2003,41,17
2003,70,29
2003,34,8
2003,625,56
2003,1,0
2003,1,0
2003,416,72
2003,25,5
2003,688,53
2003,1905,1240
2003,93,11
2003,1025,281
2003,41,13
2003,234,46
2003,284,50
2003,0,0
2003,2238,540
2003,6476,506
2003,0,0
2003,3,0
2003,0,0
2003,2,0
2003,877,228
2003,51,14
2003,217,78
2003,169,21
2003,5,3
2003,1432,637
2003,0,0
2003,9014,3360
2003,282,103
2003,75,34
2004,12,1
2004,3645,1484
2004,7,0
2004,31,12
2004,52,12
2004,41,9
2004,593,227
2004,1,0
2004,1,0
2004,473,90
2004,27,4
2004,785,60
2004,1494,1025
2004,95,10
2004,994,253
2004,27,13
2004,244,121
2004,337,77
2004,0,0
2004,2295,459
2004,6555,294
2004,0,0
2004,3,0
2004,0,0
2004,0,0
2004,810,138
2004,65,12
2004,170,86
2004,175,45
2004,0,0
2004,1737,959
2004,0,0
2004,8225,2515
2004,275,51
2004,83,24
2005,12,1
2005,4295,2024
2005,7,0
2005,33,19
2005,49,15
2005,42,2
2005,456,115
2005,1,0
2005,1,0
2005,602,116
2005,30,2
2005,812,58
2005,1056,423
2005,99,16
2005,1083,249
2005,35,18
2005,158,59
2005,407,79
2005,0,0
2005,2340,503
2005,7059,416
2005,0,0
2005,3,0
2005,1,0
2005,0,0
2005,838,127
2005,76,24
2005,101,22
2005,146,28
2005,0,0
2005,1524,815
2005,1,1
2005,8499,2464
2005,312,51
2005,111,32
2006,15,1
2006,3992,1392
2006,8,2
2006,22,9
2006,77,28
2006,52,4
2006,466,78
2006,2,0
2006,1,0
2006,600,132
2006,28,5
2006,867,62
2006,1108,415
2006,107,23
2006,1184,257
2006,29,26
2006,127,33
2006,499,95
2006,0,0
2006,2421,547
2006,7468,406
2006,0,0
2006,3,0
2006,3,3
2006,1,1
2006,925,178
2006,85,13
2006,122,80
2006,142,27
2006,0,0
2006,1450,483
2006,0,0
2006,8691,2378
2006,374,44
2006,130,77
2007,14,0
2007,4950,2058
2007,8,0
2007,20,10
2007,59,12
2007,54,7
2007,475,66
2007,2,0
2007,1,0
2007,591,171
2007,27,6
2007,898,56
2007,1087,324
2007,92,6
2007,1275,206
2007,14,8
2007,121,58
2007,628,64
2007,0,0
2007,2438,505
2007,7931,418
2007,0,0
2007,3,0
2007,0,0
2007,1,0
2007,965,79
2007,99,17
2007,90,29
2007,124,21
2007,0,0
2007,1757,806
2007,4,1
2007,9087,2390
2007,326,57
2007,114,61
2008,16,0
2008,5292,1734
2008,9,0
2008,12,2
2008,59,7
2008,52,7
2008,509,64
2008,2,1
2008,1,0
2008,551,86
2008,29,3
2008,957,68
2008,1330,491
2008,120,16
2008,1348,178
2008,22,7
2008,101,38
2008,798,135
2008,0,0
2008,2448,647
2008,8435,622
2008,0,0
2008,3,0
2008,0,0
2008,1,1
2008,1144,134
2008,94,11
2008,90,35
2008,113,25
2008,0,0
2008,1806,782
2008,7,4
2008,9831,2937
2008,543,73
2008,119,61
2009,20,0
2009,6143,2190
2009,11,0
2009,15,9
2009,66,16
2009,46,12
2009,563,92
2009,1,0
2009,3,0
2009,557,87
2009,32,6
2009,992,68
2009,1421,495
2009,139,9
2009,1530,245
2009,51,21
2009,85,18
2009,1006,200
2009,0,0
2009,2461,420
2009,8719,446
2009,0,0
2009,5,1
2009,1,0
2009,0,0
2009,1209,134
2009,94,12
2009,89,32
2009,107,15
2009,0,0
2009,1543,517
2009,8,3
2009,9207,2475
2009,728,101
2009,144,72
2010,27,0
2010,6521,2091
2010,11,0
2010,15,7
2010,59,3
2010,34,17
2010,621,84
2010,2,0
2010,3,1
2010,570,87
2010,39,6
2010,1022,74
2010,1452,441
2010,178,12
2010,1500,203
2010,34,11
2010,78,22
2010,1307,232
2010,0,0
2010,2767,606
2010,9233,664
2010,0,0
2010,4,0
2010,1,1
2010,2,0
2010,1306,140
2010,100,10
2010,77,25
2010,105,11
2010,0,0
2010,1650,724
2010,9,2
2010,6669,2555
2010,795,273
2010,192,92
2001,16,6
2001,11423,3718
2001,23,1
2001,2225,297
2001,3390,562
2001,90,12
2001,2751,264
2001,18,0
2001,7,1
2001,458,112
2001,54,21
2001,17921,1416
2001,3633,690
2001,1163,132
2001,101,10
2001,1059,299
2001,4938,1003
2001,7788,1007
2001,0,0
2001,10595,1291
2001,45917,4582
2001,0,0
2001,6,0
2001,0,0
2001,1,0
2001,3710,722
2001,9,4
2001,1360,227
2001,13997,2166
2001,2,1
2001,1756,427
2001,312,59
2001,14904,2867
2001,507,169
2001,23046,1035
2002,13,3
2002,12148,3106
2002,34,1
2002,2933,605
2002,3955,642
2002,108,8
2002,3147,252
2002,23,4
2002,8,1
2002,425,58
2002,37,7
2002,19360,1512
2002,3914,755
2002,1197,157
2002,118,27
2002,2254,351
2002,5294,1115
2002,8983,1142
2002,0,0
2002,11935,1201
2002,45428,5157
2002,0,0
2002,6,0
2002,2,1
2002,1,0
2002,4096,622
2002,11,1
2002,1740,297
2002,14876,2874
2002,3,0
2002,2156,407
2002,461,82
2002,15880,3292
2002,536,81
2002,25786,2879
2003,13,2
2003,14036,3728
2003,44,1
2003,3417,754
2003,4616,787
2003,142,6
2003,3318,271
2003,20,0
2003,8,2
2003,681,91
2003,44,4
2003,21043,1443
2003,4107,722
2003,1218,149
2003,137,54
2003,2338,311
2003,5601,1083
2003,10021,1385
2003,0,0
2003,12952,1837
2003,44851,4200
2003,1,0
2003,7,0
2003,5,1
2003,1,0
2003,4779,563
2003,13,3
2003,2150,367
2003,15011,2060
2003,4,1
2003,2968,565
2003,568,131
2003,13647,2095
2003,655,118
2003,27898,2148
2004,14,3
2004,14986,3573
2004,47,0
2004,3823,907
2004,4883,782
2004,189,11
2004,3574,385
2004,23,4
2004,9,3
2004,1226,592
2004,53,6
2004,23243,1516
2004,4469,896
2004,1242,184
2004,149,20
2004,2441,311
2004,5666,1359
2004,11285,1724
2004,1,0
2004,13938,2056
2004,45609,4222
2004,3,0
2004,8,0
2004,4,1
2004,2,2
2004,5347,799
2004,14,7
2004,2367,390
2004,16512,2322
2004,3,1
2004,3685,802
2004,715,153
2004,14363,2335
2004,850,99
2004,31719,1057
2005,12,0
2005,17105,3879
2005,54,3
2005,4270,1087
2005,5237,850
2005,245,10
2005,3706,427
2005,23,6
2005,10,1
2005,1337,408
2005,56,4
2005,25405,1785
2005,4752,814
2005,1228,214
2005,180,22
2005,2486,1109
2005,5780,1539
2005,12192,1937
2005,2,0
2005,14007,2068
2005,46764,4223
2005,4,0
2005,9,3
2005,3,1
2005,0,0
2005,5932,664
2005,10,2
2005,2458,319
2005,17363,2084
2005,1,1
2005,4094,1224
2005,964,243
2005,14572,2544
2005,910,89
2005,37354,2306
2006,20,0
2006,17912,3850
2006,59,5
2006,4511,1178
2006,5576,1095
2006,275,18
2006,3875,444
2006,22,3
2006,12,1
2006,1668,514
2006,61,5
2006,28030,1751
2006,5261,712
2006,1162,141
2006,242,26
2006,1797,792
2006,5970,1718
2006,13353,2145
2006,1,0
2006,14058,2021
2006,48164,3614
2006,4,0
2006,12,0
2006,1,1
2006,2,1
2006,6371,736
2006,20,7
2006,2707,308
2006,18848,2787
2006,3,2
2006,3939,970
2006,1176,244
2006,15263,2733
2006,1028,62
2006,41968,3377
2007,30,3
2007,21895,4584
2007,68,2
2007,4860,1291
2007,5808,1007
2007,310,21
2007,4198,382
2007,22,2
2007,14,0
2007,1853,515
2007,65,12
2007,31694,2139
2007,6027,753
2007,1245,169
2007,306,35
2007,1510,468
2007,5956,1470
2007,14693,2496
2007,1,0
2007,14635,2293
2007,50689,3843
2007,4,0
2007,17,0
2007,2,0
2007,2,0
2007,6393,702
2007,35,5
2007,2994,318
2007,20157,2668
2007,2,2
2007,4443,972
2007,1491,454
2007,17050,3431
2007,1149,140
2007,47982,2445
2008,47,2
2008,23570,3726
2008,75,2
2008,5637,969
2008,6202,903
2008,316,12
2008,4556,394
2008,25,7
2008,18,4
2008,2217,355
2008,63,9
2008,35363,2701
2008,6810,1037
2008,1305,137
2008,375,29
2008,1711,610
2008,6674,1369
2008,15728,2369
2008,1,0
2008,14606,2873
2008,53829,4305
2008,4,0
2008,21,6
2008,7,2
2008,5,2
2008,6758,838
2008,36,5
2008,3391,351
2008,21773,2709
2008,8,0
2008,4941,1125
2008,1731,320
2008,18821,4410
2008,1079,189
2008,55713,2577
2009,61,3
2009,25425,5235
2009,87,6
2009,7164,1382
2009,6807,1308
2009,311,24
2009,4994,446
2009,18,2
2009,16,4
2009,2908,296
2009,66,17
2009,37694,3015
2009,7270,1127
2009,1438,158
2009,484,21
2009,1823,717
2009,7837,1590
2009,17173,2484
2009,3,1
2009,15074,2544
2009,56153,4122
2009,4,0
2009,23,3
2009,10,10
2009,3,2
2009,7347,784
2009,48,15
2009,3835,572
2009,24524,2833
2009,16,6
2009,4918,1142
2009,2164,327
2009,19763,4452
2009,1146,133
2009,66748,2542
2010,67,2
2010,28779,6099
2010,89,3
2010,8725,1529
2010,6821,1244
2010,314,67
2010,5318,618
2010,19,2
2010,14,2
2010,3450,435
2010,63,8
2010,39915,3201
2010,7813,1382
2010,1455,109
2010,571,33
2010,1638,668
2010,9002,1783
2010,18967,2563
2010,2,0
2010,15340,2261
2010,58802,5000
2010,4,0
2010,30,2
2010,3,2
2010,2,2
2010,8727,1138
2010,40,8
2010,3936,532
2010,27290,2417
2010,12,0
2010,4940,1041
2010,2586,436
2010,20233,5485
2010,1252,174
2010,81124,2505
2001,0,0
2001,2,0
2001,0,0
2001,0,0
2001,66,6
2001,0,0
2001,0,0
2001,0,0
2001,0,0
2001,0,0
2001,0,0
2001,0,0
2001,0,0
2001,0,0
2001,0,0
2001,12,3
2001,0,0
2001,0,0
2001,0,0
2001,0,0
2001,1,0
2001,0,0
2001,0,0
2001,0,0
2001,0,0
2001,2,0
2001,0,0
2001,0,0
2001,1,0
2001,0,0
2001,13,5
2001,0,0
2001,0,0
2001,9,9
2001,3,0
2002,0,0
2002,3,0
2002,0,0
2002,0,0
2002,90,5
2002,0,0
2002,0,0
2002,0,0
2002,0,0
2002,0,0
2002,0,0
2002,0,0
2002,0,0
2002,0,0
2002,0,0
2002,38,30
2002,0,0
2002,0,0
2002,0,0
2002,0,0
2002,1,1
2002,0,0
2002,0,0
2002,0,0
2002,0,0
2002,2,0
2002,0,0
2002,0,0
2002,1,1
2002,0,0
2002,4,4
2002,0,0
2002,0,0
2002,1,1
2002,4,0
2003,0,0
2003,8,3
2003,0,0
2003,0,0
2003,123,6
2003,0,0
2003,0,0
2003,0,0
2003,0,0
2003,0,0
2003,0,0
2003,0,0
2003,0,0
2003,0,0
2003,0,0
2003,8,0
2003,0,0
2003,0,0
2003,0,0
2003,0,0
2003,0,0
2003,0,0
2003,0,0
2003,0,0
2003,0,0
2003,2,0
2003,0,0
2003,0,0
2003,1,0
2003,0,0
2003,0,0
2003,0,0
2003,0,0
2003,0,0
2003,4,0
2004,0,0
2004,7,5
2004,0,0
2004,0,0
2004,150,6
2004,0,0
2004,0,0
2004,0,0
2004,0,0
2004,0,0
2004,0,0
2004,0,0
2004,0,0
2004,0,0
2004,0,0
2004,8,0
2004,0,0
2004,0,0
2004,0,0
2004,0,0
2004,0,0
2004,0,0
2004,0,0
2004,0,0
2004,1,1
2004,2,2
2004,0,0
2004,0,0
2004,2,1
2004,0,0
2004,0,0
2004,0,0
2004,2,0
2004,0,0
2004,5,1
2005,0,0
2005,4,1
2005,0,0
2005,3,0
2005,186,17
2005,0,0
2005,0,0
2005,0,0
2005,0,0
2005,0,0
2005,0,0
2005,0,0
2005,0,0
2005,0,0
2005,0,0
2005,9,3
2005,0,0
2005,0,0
2005,0,0
2005,3,0
2005,0,0
2005,0,0
2005,0,0
2005,0,0
2005,0,0
2005,0,0
2005,0,0
2005,0,0
2005,1,1
2005,0,0
2005,0,0
2005,0,0
2005,2,0
2005,0,0
2005,6,1
2006,0,0
2006,3,2
2006,0,0
2006,3,0
2006,205,24
2006,0,0
2006,1,0
2006,0,0
2006,0,0
2006,0,0
2006,0,0
2006,0,0
2006,0,0
2006,0,0
2006,0,0
2006,8,0
2006,0,0
2006,0,0
2006,0,0
2006,3,1
2006,1,0
2006,0,0
2006,0,0
2006,0,0
2006,0,0
2006,0,0
2006,0,0
2006,0,0
2006,3,1
2006,0,0
2006,0,0
2006,0,0
2006,0,0
2006,0,0
2006,16,2
2007,0,0
2007,1,0
2007,0,0
2007,3,0
2007,234,36
2007,0,0
2007,1,1
2007,0,0
2007,0,0
2007,0,0
2007,0,0
2007,0,0
2007,0,0
2007,0,0
2007,0,0
2007,8,0
2007,0,0
2007,0,0
2007,0,0
2007,2,0
2007,1,1
2007,0,0
2007,0,0
2007,0,0
2007,0,0
2007,12,0
2007,0,0
2007,0,0
2007,2,0
2007,0,0
2007,0,0
2007,0,0
2007,0,0
2007,0,0
2007,31,4
2008,0,0
2008,1,0
2008,0,0
2008,3,2
2008,237,27
2008,0,0
2008,0,0
2008,0,0
2008,0,0
2008,0,0
2008,0,0
2008,0,0
2008,0,0
2008,0,0
2008,0,0
2008,32,23
2008,0,0
2008,0,0
2008,0,0
2008,2,0
2008,0,0
2008,0,0
2008,0,0
2008,0,0
2008,0,0
2008,12,0
2008,0,0
2008,0,0
2008,2,1
2008,0,0
2008,0,0
2008,0,0
2008,0,0
2008,0,0
2008,32,12
2009,0,0
2009,1,0
2009,0,0
2009,2,0
2009,233,6
2009,0,0
2009,0,0
2009,0,0
2009,0,0
2009,0,0
2009,0,0
2009,0,0
2009,0,0
2009,0,0
2009,0,0
2009,14,4
2009,0,0
2009,0,0
2009,0,0
2009,3,0
2009,0,0
2009,0,0
2009,1,0
2009,0,0
2009,0,0
2009,12,0
2009,0,0
2009,0,0
2009,1,0
2009,0,0
2009,0,0
2009,0,0
2009,0,0
2009,0,0
2009,29,11
2010,0,0
2010,1,0
2010,0,0
2010,2,0
2010,236,6
2010,0,0
2010,2,0
2010,0,0
2010,0,0
2010,0,0
2010,0,0
2010,0,0
2010,0,0
2010,0,0
2010,0,0
2010,13,4
2010,0,0
2010,0,0
2010,0,0
2010,8,1
2010,0,0
2010,0,0
2010,1,1
2010,0,0
2010,0,0
2010,14,0
2010,0,0
2010,0,0
2010,1,0
2010,0,0
2010,0,0
2010,0,0
2010,0,0
2010,0,0
2010,26,8
2001,0,0
2001,0,1351
2001,0,0
2001,0,5
2001,0,28
2001,0,3
2001,0,11
2001,0,0
2001,0,3
2001,0,96
2001,0,28
2001,0,68
2001,0,21
2001,0,1
2001,0,2
2001,0,2
2001,0,1359
2001,0,130
2001,0,0
2001,0,14
2001,0,232
2001,0,4
2001,0,0
2001,0,2
2001,0,1
2001,0,26
2001,0,39
2001,0,18
2001,0,68
2001,0,0
2001,0,5231
2001,0,0
2001,0,23
2001,0,0
2001,0,51
2002,0,0
2002,0,853
2002,0,0
2002,0,8
2002,0,7
2002,0,4
2002,0,12
2002,0,0
2002,0,3
2002,0,64
2002,0,25
2002,0,54
2002,0,31
2002,0,2
2002,0,4
2002,0,1
2002,0,1381
2002,0,126
2002,0,0
2002,0,15
2002,0,151
2002,0,6
2002,0,0
2002,0,0
2002,0,3
2002,0,18
2002,0,27
2002,0,33
2002,0,54
2002,0,0
2002,9,3508
2002,0,0
2002,0,45
2002,0,0
2002,0,18
2003,0,0
2003,0,331
2003,0,0
2003,0,13
2003,0,7
2003,0,2
2003,0,8
2003,0,2
2003,0,0
2003,0,52
2003,0,24
2003,0,77
2003,0,59
2003,0,6
2003,0,1
2003,0,7
2003,0,1350
2003,0,149
2003,0,0
2003,0,33
2003,0,177
2003,0,0
2003,0,0
2003,0,0
2003,0,0
2003,0,17
2003,0,13
2003,0,46
2003,0,51
2003,0,0
2003,0,2609
2003,0,0
2003,0,46
2003,0,0
2003,0,110
2004,0,0
2004,0,391
2004,0,0
2004,0,10
2004,0,14
2004,0,11
2004,0,9
2004,0,0
2004,0,1
2004,0,90
2004,0,27
2004,0,31
2004,0,59
2004,0,2
2004,0,5
2004,0,5
2004,0,1183
2004,0,167
2004,0,0
2004,0,23
2004,0,195
2004,0,0
2004,0,0
2004,0,3
2004,0,4
2004,0,20
2004,0,4
2004,0,35
2004,0,78
2004,0,0
2004,0,3021
2004,0,0
2004,0,38
2004,0,4
2004,0,90
2005,0,0
2005,0,646
2005,0,0
2005,0,17
2005,0,16
2005,0,4
2005,0,6
2005,0,0
2005,0,1
2005,0,117
2005,0,36
2005,0,56
2005,0,86
2005,0,5
2005,0,2
2005,0,7
2005,0,1244
2005,0,219
2005,0,0
2005,0,17
2005,0,245
2005,0,0
2005,0,0
2005,0,1
2005,2,4
2005,0,26
2005,0,5
2005,0,48
2005,0,116
2005,0,0
2005,0,2907
2005,0,0
2005,0,34
2005,0,2
2005,0,101
2006,0,0
2006,0,617
2006,0,0
2006,0,30
2006,0,15
2006,0,6
2006,0,12
2006,0,0
2006,0,1
2006,0,185
2006,0,24
2006,0,70
2006,0,77
2006,0,1
2006,0,4
2006,0,10
2006,1,740
2006,0,174
2006,0,0
2006,0,14
2006,0,284
2006,0,0
2006,0,0
2006,0,0
2006,0,7
2006,0,38
2006,0,8
2006,0,45
2006,0,141
2006,0,1
2006,0,1696
2006,0,0
2006,0,70
2006,0,3
2006,0,59
2007,0,0
2007,0,614
2007,0,0
2007,0,20
2007,0,19
2007,0,7
2007,0,15
2007,0,0
2007,0,0
2007,0,97
2007,0,7
2007,0,53
2007,0,91
2007,0,0
2007,0,2
2007,0,12
2007,0,617
2007,0,184
2007,0,0
2007,0,19
2007,0,326
2007,0,0
2007,0,1
2007,0,0
2007,0,3
2007,0,39
2007,0,5
2007,0,49
2007,0,91
2007,0,1
2007,0,1050
2007,0,0
2007,0,48
2007,0,7
2007,0,64
2008,0,1
2008,0,392
2008,0,0
2008,0,25
2008,0,25
2008,0,2
2008,0,4
2008,0,4
2008,0,6
2008,0,50
2008,0,12
2008,0,53
2008,0,81
2008,0,0
2008,0,4
2008,0,5
2008,0,512
2008,0,191
2008,0,0
2008,0,10
2008,0,308
2008,0,0
2008,0,1
2008,0,1
2008,0,1
2008,0,36
2008,0,3
2008,0,45
2008,0,70
2008,0,0
2008,0,730
2008,0,0
2008,0,47
2008,0,3
2008,0,54
2009,0,0
2009,0,305
2009,0,0
2009,0,17
2009,0,17
2009,0,6
2009,0,8
2009,0,1
2009,0,2
2009,0,33
2009,0,18
2009,0,37
2009,0,83
2009,0,6
2009,0,5
2009,0,1
2009,0,318
2009,0,322
2009,0,0
2009,0,16
2009,0,326
2009,0,0
2009,0,0
2009,0,0
2009,0,5
2009,0,16
2009,0,9
2009,0,50
2009,0,59
2009,0,1
2009,0,718
2009,0,0
2009,0,37
2009,0,5
2009,0,41
2010,0,1
2010,0,443
2010,0,0
2010,0,14
2010,0,37
2010,0,5
2010,0,10
2010,0,1
2010,0,5
2010,0,35
2010,0,14
2010,0,46
2010,0,57
2010,0,1
2010,0,0
2010,0,7
2010,0,250
2010,0,328
2010,0,0
2010,0,18
2010,0,324
2010,0,0
2010,0,1
2010,0,1
2010,0,3
2010,0,25
2010,0,11
2010,0,52
2010,0,83
2010,0,1
2010,0,575
2010,0,1
2010,0,21
2010,0,4
2010,0,57
2001,0,0
2001,0,2
2001,0,0
2001,0,0
2001,0,42
2001,0,0
2001,0,0
2001,0,0
2001,0,0
2001,0,0
2001,0,0
2001,0,0
2001,0,0
2001,0,0
2001,0,0
2001,0,2
2001,0,0
2001,0,0
2001,0,0
2001,0,0
2001,0,1
2001,0,0
2001,0,0
2001,0,0
2001,0,0
2001,0,2
2001,0,0
2001,0,0
2001,0,1
2001,0,0
2001,0,9
2001,0,0
2001,0,0
2001,0,0
2001,0,1
2002,0,0
2002,0,1
2002,0,0
2002,0,0
2002,0,30
2002,0,0
2002,0,0
2002,0,0
2002,0,0
2002,0,0
2002,0,0
2002,0,0
2002,0,0
2002,0,0
2002,0,0
2002,0,29
2002,0,0
2002,0,0
2002,0,0
2002,0,0
2002,0,0
2002,0,0
2002,0,0
2002,0,0
2002,0,0
2002,0,0
2002,0,0
2002,0,0
2002,0,0
2002,0,0
2002,0,1
2002,0,0
2002,0,0
2002,0,1
2002,0,1
2003,0,0
2003,0,5
2003,0,0
2003,0,0
2003,0,38
2003,0,0
2003,0,0
2003,0,0
2003,0,0
2003,0,0
2003,0,0
2003,0,0
2003,0,0
2003,0,0
2003,0,0
2003,0,0
2003,0,0
2003,0,0
2003,0,0
2003,0,0
2003,0,0
2003,0,0
2003,0,0
2003,0,0
2003,0,0
2003,0,0
2003,0,0
2003,0,0
2003,0,1
2003,0,0
2003,0,0
2003,0,0
2003,0,0
2003,0,0
2003,0,0
2004,0,0
2004,0,2
2004,0,0
2004,0,0
2004,0,33
2004,0,0
2004,0,0
2004,0,0
2004,0,0
2004,0,0
2004,0,0
2004,0,0
2004,0,0
2004,0,0
2004,0,0
2004,0,0
2004,0,0
2004,0,0
2004,0,0
2004,0,0
2004,0,0
2004,0,0
2004,0,0
2004,0,0
2004,0,1
2004,0,0
2004,0,0
2004,0,0
2004,0,1
2004,0,0
2004,0,0
2004,0,0
2004,0,2
2004,0,0
2004,0,1
2005,0,0
2005,0,2
2005,0,0
2005,0,3
2005,0,42
2005,0,0
2005,0,0
2005,0,0
2005,0,0
2005,0,0
2005,0,0
2005,0,0
2005,0,0
2005,0,0
2005,0,0
2005,0,1
2005,0,0
2005,0,0
2005,0,0
2005,0,3
2005,0,0
2005,0,0
2005,0,0
2005,0,0
2005,0,0
2005,0,0
2005,0,0
2005,0,0
2005,0,0
2005,0,0
2005,0,0
2005,0,0
2005,0,0
2005,0,0
2005,0,2
2006,0,0
2006,0,0
2006,0,0
2006,0,0
2006,0,36
2006,0,0
2006,0,1
2006,0,0
2006,0,0
2006,0,0
2006,0,0
2006,0,0
2006,0,0
2006,0,0
2006,0,0
2006,0,2
2006,0,0
2006,0,0
2006,0,0
2006,0,0
2006,0,1
2006,0,0
2006,0,0
2006,0,0
2006,0,0
2006,0,0
2006,0,0
2006,0,0
2006,0,3
2006,0,0
2006,0,0
2006,0,0
2006,0,0
2006,0,0
2006,0,11
2007,0,0
2007,0,0
2007,0,0
2007,0,0
2007,0,53
2007,0,0
2007,0,0
2007,0,0
2007,0,0
2007,0,0
2007,0,0
2007,0,0
2007,0,0
2007,0,0
2007,0,0
2007,0,0
2007,0,0
2007,0,0
2007,0,0
2007,0,0
2007,0,0
2007,0,0
2007,0,0
2007,0,0
2007,0,0
2007,0,12
2007,0,0
2007,0,0
2007,0,0
2007,0,0
2007,0,0
2007,0,0
2007,0,0
2007,0,0
2007,0,17
2008,0,0
2008,0,0
2008,0,0
2008,0,0
2008,0,39
2008,0,0
2008,0,0
2008,0,0
2008,0,0
2008,0,0
2008,0,0
2008,0,0
2008,0,0
2008,0,0
2008,0,0
2008,0,26
2008,0,0
2008,0,0
2008,0,0
2008,0,0
2008,0,0
2008,0,0
2008,0,0
2008,0,0
2008,0,0
2008,0,0
2008,0,0
2008,0,0
2008,0,0
2008,0,0
2008,0,0
2008,0,0
2008,0,0
2008,0,0
2008,0,5
2009,0,0
2009,0,0
2009,0,0
2009,0,1
2009,0,23
2009,0,0
2009,0,0
2009,0,0
2009,0,0
2009,0,0
2009,0,0
2009,0,0
2009,0,0
2009,0,0
2009,0,0
2009,0,7
2009,0,0
2009,0,0
2009,0,0
2009,0,1
2009,0,0
2009,0,0
2009,0,1
2009,0,0
2009,0,0
2009,0,0
2009,0,0
2009,0,0
2009,0,0
2009,0,0
2009,0,0
2009,0,0
2009,0,0
2009,0,0
2009,0,9
2010,0,0
2010,0,0
2010,0,0
2010,0,0
2010,0,9
2010,0,0
2010,0,2
2010,0,0
2010,0,0
2010,0,0
2010,0,0
2010,0,0
2010,0,0
2010,0,0
2010,0,0
2010,0,3
2010,0,0
2010,0,0
2010,0,0
2010,0,5
2010,0,0
2010,0,0
2010,0,0
2010,0,0
2010,0,0
2010,0,2
2010,0,0
2010,0,0
2010,0,0
2010,0,0
2010,0,0
2010,0,0
2010,0,0
2010,0,0
2010,0,8
2001,0,0
2001,0,903
2001,0,0
2001,0,1
2001,0,2
2001,0,0
2001,0,0
2001,0,0
2001,0,0
2001,0,0
2001,0,0
2001,0,0
2001,0,0
2001,0,0
2001,0,0
2001,0,0
2001,0,0
2001,0,45
2001,0,0
2001,0,0
2001,0,9
2001,0,0
2001,0,0
2001,0,0
2001,0,0
2001,0,0
2001,0,0
2001,0,1
2001,0,46
2001,0,0
2001,0,11
2001,0,0
2001,0,3
2001,0,0
2001,0,1
2002,0,0
2002,0,2439
2002,0,0
2002,0,2
2002,0,1
2002,0,1
2002,0,0
2002,0,0
2002,0,0
2002,0,0
2002,0,0
2002,0,4
2002,0,0
2002,0,0
2002,0,0
2002,0,0
2002,0,0
2002,0,23
2002,0,0
2002,0,0
2002,0,4
2002,0,0
2002,0,0
2002,0,0
2002,0,0
2002,0,0
2002,0,0
2002,0,5
2002,0,52
2002,0,0
2002,0,5
2002,0,0
2002,0,0
2002,0,0
2002,0,0
2003,0,0
2003,0,920
2003,0,0
2003,0,0
2003,0,1
2003,0,0
2003,0,0
2003,0,0
2003,0,0
2003,0,0
2003,0,0
2003,0,14
2003,0,0
2003,0,0
2003,0,0
2003,0,0
2003,0,0
2003,0,12
2003,0,0
2003,0,0
2003,0,7
2003,0,0
2003,0,0
2003,0,0
2003,0,0
2003,0,0
2003,0,0
2003,0,2
2003,0,87
2003,0,0
2003,0,6
2003,0,0
2003,0,0
2003,0,0
2003,0,0
2004,0,0
2004,0,1084
2004,0,0
2004,0,0
2004,0,0
2004,0,0
2004,0,0
2004,0,0
2004,0,0
2004,0,0
2004,0,0
2004,0,0
2004,0,0
2004,0,2
2004,0,0
2004,0,0
2004,0,0
2004,0,32
2004,0,0
2004,0,0
2004,0,9
2004,0,0
2004,0,0
2004,0,0
2004,0,0
2004,0,0
2004,0,0
2004,0,2
2004,0,89
2004,0,0
2004,0,72
2004,0,0
2004,0,0
2004,0,0
2004,0,0
2005,0,0
2005,0,2671
2005,0,0
2005,0,0
2005,0,20
2005,0,0
2005,0,0
2005,0,0
2005,0,0
2005,0,0
2005,0,0
2005,0,0
2005,0,0
2005,0,0
2005,0,0
2005,0,2
2005,0,0
2005,0,85
2005,0,0
2005,0,0
2005,0,11
2005,0,0
2005,0,0
2005,0,0
2005,0,0
2005,0,0
2005,0,0
2005,0,0
2005,0,100
2005,0,0
2005,0,34
2005,0,0
2005,0,0
2005,0,0
2005,0,23
2006,0,0
2006,0,1348
2006,0,0
2006,0,0
2006,0,0
2006,0,0
2006,0,0
2006,0,0
2006,0,0
2006,0,1
2006,0,0
2006,0,0
2006,0,0
2006,0,0
2006,0,0
2006,0,1
2006,0,0
2006,0,70
2006,0,0
2006,0,2
2006,0,7
2006,0,0
2006,0,0
2006,0,0
2006,0,0
2006,0,0
2006,0,0
2006,0,0
2006,0,100
2006,0,0
2006,0,28
2006,0,0
2006,0,0
2006,0,0
2006,0,0
2007,0,0
2007,0,998
2007,0,0
2007,0,0
2007,0,28
2007,0,0
2007,0,0
2007,0,0
2007,0,0
2007,0,0
2007,0,0
2007,0,0
2007,0,0
2007,0,0
2007,0,0
2007,0,0
2007,0,0
2007,0,39
2007,0,0
2007,0,0
2007,0,3
2007,0,0
2007,0,0
2007,0,0
2007,0,0
2007,0,0
2007,0,0
2007,0,0
2007,0,130
2007,0,0
2007,0,28
2007,0,0
2007,0,0
2007,0,0
2007,0,7
2008,0,0
2008,0,885
2008,0,0
2008,0,0
2008,0,0
2008,0,0
2008,0,0
2008,0,0
2008,0,0
2008,0,0
2008,0,0
2008,0,0
2008,0,0
2008,0,0
2008,0,0
2008,0,0
2008,0,0
2008,0,24
2008,0,0
2008,0,0
2008,0,1
2008,0,0
2008,0,0
2008,0,0
2008,0,0
2008,0,0
2008,0,0
2008,0,0
2008,0,106
2008,0,0
2008,0,6
2008,0,0
2008,0,0
2008,0,0
2008,0,5
2009,0,0
2009,0,703
2009,0,0
2009,0,0
2009,0,0
2009,0,0
2009,0,1
2009,0,0
2009,0,0
2009,0,0
2009,0,0
2009,0,0
2009,0,0
2009,0,0
2009,0,2
2009,0,0
2009,0,0
2009,0,24
2009,0,0
2009,0,1
2009,0,2
2009,0,0
2009,0,0
2009,0,0
2009,0,0
2009,0,0
2009,0,0
2009,0,0
2009,0,103
2009,0,0
2009,0,1
2009,0,0
2009,0,0
2009,0,0
2009,0,2
2010,0,0
2010,0,752
2010,0,0
2010,0,0
2010,0,0
2010,0,0
2010,0,1
2010,0,0
2010,0,0
2010,0,0
2010,0,0
2010,0,0
2010,0,0
2010,0,0
2010,0,0
2010,0,3
2010,0,0
2010,0,38
2010,0,1
2010,0,0
2010,0,0
2010,0,0
2010,0,0
2010,0,0
2010,0,0
2010,0,0
2010,0,0
2010,0,0
2010,0,79
2010,0,0
2010,0,5
2010,0,0
2010,0,0
2010,0,0
2010,0,2
2001,0,0
2001,0,0
2001,0,0
2001,0,0
2001,0,0
2001,0,0
2001,0,0
2001,0,0
2001,0,0
2001,0,0
2001,0,0
2001,0,0
2001,0,0
2001,0,0
2001,0,0
2001,0,0
2001,0,0
2001,0,0
2001,0,0
2001,0,0
2001,0,0
2001,0,0
2001,0,0
2001,0,0
2001,0,0
2001,0,0
2001,0,0
2001,0,0
2001,0,0
2001,0,0
2001,0,0
2001,0,0
2001,0,0
2001,0,0
2001,0,0
2002,0,0
2002,0,0
2002,0,0
2002,0,0
2002,0,0
2002,0,0
2002,0,0
2002,0,0
2002,0,0
2002,0,0
2002,0,0
2002,0,0
2002,0,0
2002,0,0
2002,0,0
2002,0,0
2002,0,0
2002,0,0
2002,0,0
2002,0,0
2002,0,0
2002,0,0
2002,0,0
2002,0,0
2002,0,0
2002,0,0
2002,0,0
2002,0,0
2002,0,0
2002,0,0
2002,0,0
2002,0,0
2002,0,0
2002,0,0
2002,0,0
2003,0,0
2003,0,0
2003,0,0
2003,0,0
2003,0,0
2003,0,0
2003,0,0
2003,0,0
2003,0,0
2003,0,0
2003,0,0
2003,0,0
2003,0,0
2003,0,0
2003,0,0
2003,0,0
2003,0,0
2003,0,0
2003,0,0
2003,0,0
2003,0,0
2003,0,0
2003,0,0
2003,0,0
2003,0,0
2003,0,0
2003,0,0
2003,0,0
2003,0,0
2003,0,0
2003,0,0
2003,0,0
2003,0,0
2003,0,0
2003,0,0
2004,0,0
2004,0,0
2004,0,0
2004,0,0
2004,0,0
2004,0,0
2004,0,0
2004,0,0
2004,0,0
2004,0,0
2004,0,0
2004,0,0
2004,0,0
2004,0,0
2004,0,0
2004,0,0
2004,0,0
2004,0,0
2004,0,0
2004,0,0
2004,0,0
2004,0,0
2004,0,0
2004,0,0
2004,0,0
2004,0,0
2004,0,0
2004,0,0
2004,0,0
2004,0,0
2004,0,0
2004,0,0
2004,0,0
2004,0,0
2004,0,0
2005,0,0
2005,0,0
2005,0,0
2005,0,0
2005,0,0
2005,0,0
2005,0,0
2005,0,0
2005,0,0
2005,0,0
2005,0,0
2005,0,0
2005,0,0
2005,0,0
2005,0,0
2005,0,0
2005,0,0
2005,0,0
2005,0,0
2005,0,0
2005,0,0
2005,0,0
2005,0,0
2005,0,0
2005,0,0
2005,0,0
2005,0,0
2005,0,0
2005,0,1
2005,0,0
2005,0,0
2005,0,0
2005,0,0
2005,0,0
2005,0,0
2006,0,0
2006,0,0
2006,0,0
2006,0,0
2006,0,0
2006,0,0
2006,0,0
2006,0,0
2006,0,0
2006,0,0
2006,0,0
2006,0,0
2006,0,0
2006,0,0
2006,0,0
2006,0,0
2006,0,0
2006,0,0
2006,0,0
2006,0,0
2006,0,0
2006,0,0
2006,0,0
2006,0,0
2006,0,0
2006,0,0
2006,0,0
2006,0,0
2006,0,0
2006,0,0
2006,0,0
2006,0,0
2006,0,0
2006,0,0
2006,0,0
2007,0,0
2007,0,0
2007,0,0
2007,0,0
2007,0,0
2007,0,0
2007,0,0
2007,0,0
2007,0,0
2007,0,0
2007,0,0
2007,0,0
2007,0,0
2007,0,0
2007,0,0
2007,0,0
2007,0,0
2007,0,0
2007,0,0
2007,0,0
2007,0,0
2007,0,0
2007,0,0
2007,0,0
2007,0,0
2007,0,0
2007,0,0
2007,0,0
2007,0,0
2007,0,0
2007,0,0
2007,0,0
2007,0,0
2007,0,0
2007,0,0
2008,0,0
2008,0,0
2008,0,0
2008,0,0
2008,0,0
2008,0,0
2008,0,1
2008,0,0
2008,0,0
2008,0,0
2008,0,0
2008,0,0
2008,0,0
2008,0,0
2008,0,0
2008,0,0
2008,0,0
2008,0,0
2008,0,0
2008,0,0
2008,0,0
2008,0,0
2008,0,0
2008,0,0
2008,0,0
2008,0,0
2008,0,0
2008,0,0
2008,0,0
2008,0,0
2008,0,0
2008,0,0
2008,0,0
2008,0,0
2008,0,0
2009,0,0
2009,0,0
2009,0,0
2009,0,0
2009,0,0
2009,0,0
2009,0,0
2009,0,0
2009,0,0
2009,0,0
2009,0,0
2009,0,0
2009,0,0
2009,0,0
2009,0,0
2009,0,0
2009,0,0
2009,0,0
2009,0,0
2009,0,0
2009,0,0
2009,0,0
2009,0,0
2009,0,0
2009,0,0
2009,0,0
2009,0,0
2009,0,0
2009,0,0
2009,0,0
2009,0,0
2009,0,0
2009,0,0
2009,0,0
2009,0,0
2010,0,0
2010,0,0
2010,0,0
2010,0,0
2010,0,0
2010,0,0
2010,0,0
2010,0,0
2010,0,0
2010,0,0
2010,0,0
2010,0,0
2010,0,0
2010,0,0
2010,0,0
2010,0,0
2010,0,0
2010,0,0
2010,0,0
2010,0,0
2010,0,0
2010,0,0
2010,0,0
2010,0,0
2010,0,0
2010,0,0
2010,0,0
2010,0,0
2010,0,0
2010,0,0
2010,0,0
2010,0,0
2010,0,0
2010,0,0
2010,0,0
2001,184,14
2001,32012,11538
2001,739,48
2001,8729,1591
2001,17804,2528
2001,338,73
2001,17105,1676
2001,69,6
2001,18,6
2001,6580,1988
2001,379,177
2001,32043,2498
2001,9980,2532
2001,3301,468
2001,5782,834
2001,6563,1317
2001,16014,3978
2001,17475,2133
2001,1,0
2001,54992,9000
2001,94926,8128
2001,81,11
2001,441,24
2001,258,108
2001,102,6
2001,18692,3421
2001,218,88
2001,3488,816
2001,34889,5778
2001,32,6
2001,17863,9049
2001,744,157
2001,56141,11580
2001,1870,552
2001,40107,2443
2002,193,18
2002,34236,11443
2002,812,21
2002,9998,1705
2002,19336,2462
2002,396,75
2002,18477,3836
2002,79,22
2002,17,5
2002,6091,848
2002,256,78
2002,33978,2571
2002,10970,3551
2002,3345,438
2002,6478,1050
2002,9099,1934
2002,16791,4034
2002,19786,2187
2002,2,1
2002,57920,8192
2002,95309,9457
2002,88,7
2002,456,15
2002,198,62
2002,114,8
2002,19549,2876
2002,240,73
2002,4216,1094
2002,35344,6616
2002,40,20
2002,17585,8497
2002,1042,236
2002,57194,12826
2002,1932,408
2002,44642,4997
2003,193,14
2003,34997,10705
2003,883,6
2003,11455,2169
2003,20829,3093
2003,412,54
2003,16567,1648
2003,65,9
2003,15,2
2003,6957,1210
2003,250,67
2003,36140,2616
2003,10640,3233
2003,3445,509
2003,7300,958
2003,8890,1794
2003,17454,4077
2003,21841,2628
2003,2,1
2003,60014,10530
2003,95054,8250
2003,88,5
2003,475,16
2003,347,78
2003,122,11
2003,21558,3071
2003,255,51
2003,4843,1274
2003,34780,5410
2003,37,14
2003,16635,6491
2003,1253,275
2003,54230,11047
2003,2153,467
2003,47486,3989
2004,196,18
2004,36359,10910
2004,976,15
2004,12475,2622
2004,21486,3184
2004,505,74
2004,17346,2589
2004,72,18
2004,23,3
2004,7932,2007
2004,281,65
2004,38928,2772
2004,10461,3286
2004,3496,544
2004,8172,1144
2004,8804,1794
2004,17587,4560
2004,24305,3321
2004,4,1
2004,61397,10392
2004,96828,7869
2004,89,4
2004,502,14
2004,346,223
2004,158,78
2004,23209,3597
2004,283,67
2004,4998,1257
2004,36575,5858
2004,34,8
2004,18604,7533
2004,1546,357
2004,54528,10985
2004,2432,389
2004,53203,2826
2005,192,7
2005,41038,13355
2005,1079,67
2005,13430,2700
2005,22477,3447
2005,572,57
2005,16684,2926
2005,74,24
2005,29,4
2005,8477,1956
2005,304,73
2005,41590,3111
2005,10086,2303
2005,3427,706
2005,8743,1100
2005,8692,2095
2005,17753,4975
2005,25991,3565
2005,4,0
2005,61682,10286
2005,100147,8264
2005,96,4
2005,548,15
2005,211,40
2005,109,66
2005,24604,2934
2005,305,65
2005,5062,911
2005,37131,5435
2005,46,16
2005,18807,8088
2005,1931,526
2005,54661,10902
2005,2603,378
2005,61558,4492
2006,224,8
2006,40701,10821
2006,1106,39
2006,14314,3092
2006,23450,4026
2006,648,90
2006,16961,2082
2006,72,11
2006,34,6
2006,9430,1828
2006,307,57
2006,44740,2907
2006,11028,2176
2006,3228,447
2006,9704,1199
2006,8605,2535
2006,17601,4508
2006,28602,4386
2006,3,0
2006,61600,9540
2006,103740,7254
2006,95,4
2006,620,34
2006,288,221
2006,79,27
2006,27507,3305
2006,353,62
2006,5708,1010
2006,38450,6177
2006,54,7
2006,16253,5902
2006,2239,457
2006,56032,11588
2006,2994,414
2006,68477,6545
2007,252,11
2007,47423,13381
2007,1185,33
2007,15060,3608
2007,25078,4094
2007,686,99
2007,18121,1984
2007,75,13
2007,35,5
2007,10189,1921
2007,292,36
2007,49233,3167
2007,12201,2234
2007,3385,467
2007,10561,1059
2007,8381,2679
2007,18097,4259
2007,31023,5038
2007,5,0
2007,63763,10205
2007,108960,7357
2007,93,8
2007,651,30
2007,207,94
2007,76,40
2007,30300,3177
2007,460,80
2007,6358,1002
2007,39639,5526
2007,72,11
2007,16279,5098
2007,2860,823
2007,59191,12235
2007,3163,579
2007,76273,4956
2009,348,15
2009,53939,13791
2009,1372,45
2009,18431,2895
2009,27442,4222
2009,651,117
2009,20222,2536
2009,92,7
2009,37,5
2009,12250,1441
2009,365,86
2009,56970,4109
2009,14443,2992
2009,3866,484
2009,12029,1379
2009,8476,2766
2009,21225,4004
2009,35184,4839
2009,8,2
2009,64910,10573
2009,119842,8105
2009,98,0
2009,761,56
2009,280,133
2009,91,28
2009,36238,3538
2009,536,69
2009,7757,1664
2009,45437,5221
2009,152,35
2009,16800,4418
2009,4147,643
2009,64672,14946
2009,3621,618
2009,99803,4829
2010,401,5
2010,58828,14772
2010,1440,21
2010,21475,3203
2010,28149,4201
2010,624,171
2010,21278,3153
2010,102,10
2010,43,6
2010,13237,1747
2010,406,78
2010,60292,4333
2010,15390,3314
2010,4098,386
2010,12267,1015
2010,8127,2505
2010,23847,4421
2010,38730,4797
2010,7,0
2010,66646,11717
2010,125253,9555
2010,104,5
2010,838,30
2010,318,169
2010,102,49
2010,41335,4826
2010,568,69
2010,7562,1579
2010,49429,4825
2010,160,12
2010,17143,4572
2010,4819,778
2010,63067,17283
2010,3821,807
2010,118437,4519
